rainfall_mm,elevation_m,drainage_score,previous_water_level_m,flood_severity
171.59,80.12,3,1.49,52.46
242.28,68.9,2,1.79,69.32
67.61,69.39,6,0.83,33.55
127.85,78.25,3,0.18,39.2
284.77,87.7,8,1.32,55.19
292.5,60.54,2,2.05,80.54
276.48,72.2,3,1.79,70.95
154.41,82.43,4,0.8,43.39
168.83,94.87,10,1.56,35.56
197.58,59.42,4,0.81,57.4
246.14,64.05,2,1.42,69.26
87.38,62.24,3,0.0,38.53
83.41,86.73,6,0.21,25.5
147.94,64.02,3,0.62,49.71
225.07,98.52,9,0.98,39.66
252.58,73.53,2,2.17,71.38
88.78,70.74,1,0.64,42.99
222.31,85.32,5,1.23,52.28
297.47,93.88,9,2.19,58.4
105.61,71.83,2,1.11,46.07
90.52,77.88,3,0.34,35.44
85.48,61.42,2,0.52,43.49
25.62,79.5,6,0.1,19.83
30.07,77.19,4,0.0,23.96
89.71,86.98,8,0.33,23.66
68.19,72.39,3,1.05,38.92
279.46,69.37,2,1.4,71.59
240.19,68.32,5,2.08,66.06
104.32,98.44,9,1.2,25.22
226.1,67.69,4,1.82,64.48
211.92,74.5,3,0.69,54.77
281.21,63.85,2,1.92,77.06
161.06,85.4,6,0.72,39.36
176.94,83.52,3,1.61,52.69
233.07,100.65,9,1.58,43.7
19.16,74.65,3,0.58,28.73
245.11,74.66,3,1.77,65.82
224.87,75.59,5,0.94,54.31
298.24,92.94,9,1.95,57.34
192.82,61.4,3,1.3,60.8
302.94,69.44,4,1.45,71.62
142.38,63.74,2,0.99,53.06
88.4,72.75,6,0.62,33.75
163.4,71.72,4,1.54,53.05
100.7,88.33,8,0.33,24.61
66.74,72.17,2,0.17,34.97
122.57,73.23,3,0.17,40.25
99.42,84.46,5,0.15,29.71
167.1,88.59,9,0.79,34.44
236.56,66.25,3,1.4,65.42
148.89,75.73,2,0.98,49.54
162.68,65.46,2,0.51,52.11
282.52,86.61,6,1.79,61.56
242.74,78.95,5,1.13,56.63
313.53,87.57,8,1.4,59.51
159.29,63.81,3,1.24,55.15
22.92,66.38,2,0.0,30.24
60.03,80.59,6,0.0,23.33
42.81,98.54,10,0.0,7.94
222.26,75.48,3,0.81,56.53
131.3,75.01,3,0.73,44.26
293.64,61.85,1,2.04,81.82
202.34,71.17,6,0.83,50.59
36.64,64.81,4,0.0,29.28
304.22,89.93,9,1.44,56.02
297.91,76.47,3,1.85,72.6
232.12,66.03,3,1.8,67.41
132.71,74.43,5,1.35,45.19
187.87,99.45,9,1.03,34.76
303.14,77.95,3,2.39,76.13
143.91,74.31,4,0.61,43.75
300.9,59.4,2,2.29,83.55
189.24,69.19,6,0.58,48.02
214.59,71.59,4,1.37,58.76
215.04,94.71,7,0.84,42.18
250.98,65.38,2,1.55,70.23
257.02,58.51,1,1.73,76.28
118.8,81.08,5,0.3,34.41
93.09,103.3,10,0.97,18.89
174.59,59.68,4,0.46,52.11
214.9,71.43,3,1.91,63.89
58.77,65.07,2,0.09,35.98
46.71,86.71,6,0.35,21.57
157.91,81.88,4,1.32,47.3
224.71,90.71,8,1.88,49.72
86.72,76.99,3,0.46,36.01
28.95,62.39,2,0.68,36.72
290.65,78.81,6,1.24,61.99
22.06,91.02,9,0.15,10.53
31.59,68.4,3,0.48,31.99
109.96,73.27,2,0.11,39.88
275.31,58.96,3,1.73,75.19
139.78,87.63,5,1.43,41.87
21.8,67.33,4,0.32,28.42
72.87,91.14,9,1.05,22.78
139.02,79.25,3,1.29,47.25
241.97,68.33,2,1.64,68.54
279.14,79.8,5,2.25,68.1
133.2,100.67,10,1.28,27.04
107.79,72.08,2,0.15,40.27
156.25,67.46,4,1.58,53.9
167.99,59.49,3,0.51,53.29
289.62,70.17,6,1.73,68.03
19.64,75.18,4,0.0,23.31
115.09,91.7,8,1.36,31.73
258.0,61.11,3,1.18,68.7
210.34,59.18,2,1.26,65.31
48.3,81.12,4,0.0,24.94
72.24,101.26,9,0.39,14.93
304.1,77.06,2,1.85,74.87
115.9,81.66,4,0.16,34.61
76.7,74.29,2,0.89,40.02
259.68,71.16,7,1.71,61.95
126.04,67.13,3,0.97,47.91
151.42,86.43,8,1.11,36.83
224.44,70.16,3,0.87,59.1
21.97,64.21,2,0.02,31.03
290.3,76.6,6,1.58,64.87
219.38,97.27,10,1.42,40.45
319.59,66.2,3,2.44,82.83
91.36,66.88,3,1.13,44.44
19.37,59.74,1,0.64,37.84
65.33,75.83,6,0.85,31.05
260.43,65.52,5,1.78,67.85
66.2,85.59,8,0.44,21.76
146.37,60.43,4,1.12,52.26
73.13,69.14,2,0.0,35.84
230.61,83.04,5,1.41,55.32
141.61,90.97,9,1.11,32.24
283.91,67.9,3,1.26,70.16
219.14,76.08,2,1.09,59.32
282.41,58.22,2,1.12,74.24
123.7,69.14,7,0.86,39.52
71.44,68.0,4,0.46,35.57
197.17,83.47,9,1.74,46.17
21.28,79.79,2,0.08,25.7
55.75,61.98,2,0.13,36.95
43.22,85.5,5,0.0,21.03
37.41,99.11,9,0.67,12.88
143.99,69.07,3,0.82,48.63
277.0,74.36,4,1.78,68.51
124.8,75.77,2,0.73,44.8
63.03,77.53,7,0.0,23.16
207.72,77.01,4,1.66,57.71
93.67,94.09,8,0.78,24.43
89.05,76.48,3,0.71,38.06
100.02,65.92,2,0.74,45.15
244.12,83.4,5,0.95,54.09
252.8,93.32,8,1.43,49.66
209.22,59.3,2,1.44,66.25
283.42,66.64,3,1.31,70.86
226.59,59.73,2,1.5,68.75
270.47,79.91,6,1.37,59.76
313.52,78.41,4,1.55,70.41
120.54,99.65,8,0.41,23.64
94.58,64.78,3,0.52,41.81
139.32,67.22,3,0.59,47.24
41.78,83.44,4,0.0,23.25
150.68,86.24,9,0.75,32.88
188.11,59.08,4,0.75,55.91
161.58,81.23,3,1.66,51.81
73.91,64.26,1,0.59,43.05
211.94,82.65,6,0.81,47.59
295.36,72.24,4,1.5,69.93
112.5,81.34,8,0.15,27.55
32.62,69.0,3,0.67,33.1
168.05,71.92,2,0.77,52.11
107.24,75.29,5,0.36,35.35
190.78,96.98,9,1.11,36.53
254.98,62.92,3,1.29,68.34
276.83,72.99,4,1.72,68.61
110.76,70.83,2,1.27,48.11
276.09,76.33,7,1.55,61.25
64.59,80.47,4,0.51,30.5
24.66,96.89,8,0.0,9.49
177.79,62.12,2,0.89,57.67
232.71,73.16,2,2.06,68.21
108.28,71.35,4,0.27,38.01
65.88,91.88,8,0.12,17.45
83.45,75.34,2,0.0,34.96
299.0,65.71,2,2.29,81.03
248.57,65.84,2,0.91,65.74
300.82,84.52,6,1.89,65.33
136.36,74.7,4,1.0,45.06
161.67,84.86,8,1.61,41.87
120.96,78.02,3,0.22,38.63
15.84,58.02,2,0.0,32.33
256.26,71.61,5,1.64,64.24
47.7,103.82,9,0.0,8.35
303.69,59.91,2,1.76,80.43
101.29,62.54,4,0.21,39.89
24.47,69.16,3,0.76,32.53
295.22,83.32,7,2.02,64.18
253.62,68.47,5,1.06,61.4
259.6,99.23,8,1.93,51.55
16.72,75.72,3,0.0,24.4
87.12,71.62,2,0.31,38.72
15.69,70.54,4,0.26,26.09
118.44,89.32,9,1.15,30.04
90.46,60.33,2,0.59,44.97
174.33,65.55,2,1.47,59.6
191.24,68.69,2,0.68,55.76
80.98,81.41,6,0.94,31.66
209.44,83.51,4,1.53,54.79
150.09,82.7,7,1.13,39.79
95.89,71.53,3,0.1,36.93
78.59,62.47,1,0.72,45.13
56.42,74.09,5,0.0,26.87
247.22,95.5,9,1.47,46.72
56.81,73.46,3,0.43,33.16
296.87,71.96,3,1.49,71.84
135.18,63.05,3,1.15,51.7
286.9,83.74,5,2.44,68.89
43.81,79.4,4,0.69,29.28
65.42,100.0,8,0.99,19.91
287.82,72.03,3,1.25,69.12
316.38,68.48,2,1.86,79.63
178.75,77.71,4,1.1,50.16
247.88,98.21,10,1.38,43.6
234.15,72.99,3,2.07,66.86
43.31,67.91,2,0.29,34.18
237.76,66.79,1,0.94,65.84
198.61,73.9,5,0.9,51.22
194.92,71.42,5,1.26,53.88
275.48,82.5,8,1.22,55.22
209.38,78.87,4,1.67,57.33
165.48,64.97,2,1.55,59.15
211.8,72.9,6,0.73,50.58
15.25,94.61,9,0.02,7.53
125.21,59.53,2,0.27,47.82
148.25,66.71,3,1.24,52.66
164.48,61.97,1,1.4,60.83
70.78,81.25,6,1.08,31.26
152.56,82.57,4,0.37,40.41
90.44,88.23,7,0.5,26.03
226.04,65.57,3,1.55,65.22
25.74,64.81,2,0.0,31.18
80.96,80.16,5,0.39,30.34
80.2,103.85,9,0.18,13.73
94.6,65.39,3,0.16,39.34
239.02,72.26,3,1.0,61.07
26.39,69.41,2,0.31,31.55
290.77,87.13,5,1.72,63.68
196.14,73.22,4,1.87,58.87
303.52,96.08,9,2.14,58.09
167.84,74.25,2,0.58,50.06
313.46,70.07,2,1.42,75.92
52.43,68.79,6,0.35,28.77
159.74,87.95,9,1.04,35.27
86.68,70.96,2,0.5,40.09
291.46,63.68,4,1.59,73.07
115.19,58.46,2,0.79,50.14
24.52,71.93,5,0.0,23.46
311.42,79.9,3,1.42,70.45
207.51,89.83,9,1.02,40.74
259.51,61.8,3,1.03,67.72
176.89,58.94,2,1.09,59.94
318.22,77.21,6,1.88,70.19
283.99,102.68,9,1.8,51.03
281.25,59.1,3,1.78,76.23
155.39,74.71,2,0.79,49.57
50.8,70.92,3,0.0,30.6
243.02,86.95,5,0.91,52.42
146.78,77.48,4,1.08,45.92
294.13,96.3,9,2.47,58.84
231.45,79.23,4,1.48,58.91
113.79,62.6,2,0.7,47.91
78.94,75.52,5,0.67,33.49
287.85,94.82,9,2.11,56.3
252.28,67.62,3,1.52,67.74
27.02,73.62,4,0.3,26.72
265.31,74.64,1,1.76,71.75
33.24,73.09,6,0.7,26.89
50.69,72.6,5,0.23,28.09
225.54,86.89,7,1.13,48.18
258.91,79.99,4,0.99,59.17
26.3,61.48,1,0.49,37.18
244.85,77.48,5,1.53,59.94
116.52,101.96,10,1.01,22.7
179.92,60.19,4,0.77,54.56
312.53,63.08,3,1.73,78.59
36.07,65.33,3,0.45,33.49
123.32,87.75,6,1.19,36.5
120.22,66.21,4,0.51,42.93
38.08,90.79,8,0.78,18.32
247.6,69.65,4,1.55,64.91
55.12,69.93,1,0.01,34.92
136.0,68.05,5,1.12,46.49
271.9,101.42,8,1.85,51.87
221.44,68.78,3,0.77,58.58
282.3,69.99,2,2.33,77.55
15.44,65.03,2,0.0,29.75
290.5,74.93,6,1.88,67.37
46.02,68.49,4,0.9,34.81
53.61,99.63,8,0.0,12.3
306.59,62.04,2,1.37,77.6
69.35,71.15,3,0.78,37.83
293.97,80.13,5,1.76,66.87
201.51,102.13,9,0.65,33.21
85.79,73.93,4,0.9,38.07
39.69,72.54,4,0.0,26.89
237.22,67.75,3,1.54,65.84
186.23,75.69,6,0.92,47.41
89.68,65.49,5,0.55,37.76
25.29,81.35,8,0.69,19.48
240.98,67.63,3,1.06,63.37
239.9,61.86,2,1.76,71.35
315.21,68.38,5,1.43,71.83
275.59,94.03,9,1.26,49.66
197.88,71.89,3,0.82,54.68
244.61,67.86,3,1.2,64.64
104.96,58.64,2,0.06,44.17
127.74,87.35,7,1.25,35.93
103.94,69.27,3,1.16,45.42
148.24,99.76,8,1.0,30.93
309.95,72.15,4,1.59,72.44
118.94,70.53,3,0.81,44.75
272.7,78.49,4,2.02,67.96
162.52,94.77,9,0.97,32.74
201.51,73.33,3,1.41,58.33
141.85,75.86,2,1.43,51.38
190.88,76.74,2,1.33,56.87
146.36,76.52,6,1.35,44.57
267.77,83.92,4,1.05,59.3
243.67,84.17,9,1.4,49.9
251.61,67.41,3,1.98,70.6
50.68,66.2,3,0.62,36.16
58.58,85.37,5,0.7,27.46
179.26,92.99,9,0.75,34.21
108.14,77.04,3,0.21,37.24
96.32,79.3,3,0.98,39.69
299.74,60.73,1,1.26,78.15
67.85,72.93,6,0.22,28.49
210.04,78.1,3,1.68,59.42
242.26,91.29,8,1.39,48.75
135.1,73.93,3,1.19,48.02
304.83,67.47,2,1.77,77.92
92.18,68.27,5,1.16,40.9
271.33,90.61,9,1.7,53.08
314.62,73.56,2,2.54,81.82
259.21,64.47,3,1.79,71.47
47.52,66.8,2,0.2,34.57
305.16,74.9,6,2.23,71.49
128.51,79.71,3,1.15,44.83
43.09,100.33,8,0.0,10.67
209.82,77.79,2,0.84,55.92
35.22,68.3,2,0.68,35.42
189.16,77.82,6,0.87,46.72
212.68,99.14,9,0.81,36.75
318.92,75.6,2,1.72,76.53
98.79,73.02,3,0.46,39.02
296.3,71.01,2,2.4,79.46
186.74,85.81,7,1.07,43.11
42.5,66.69,5,0.69,32.02
72.79,81.2,8,1.08,28.21
292.63,69.67,2,2.26,78.58
125.67,65.8,2,0.69,48.25
279.66,71.08,5,1.75,68.19
190.92,89.56,9,0.73,36.85
265.31,60.5,3,1.7,73.13
165.22,73.57,3,1.03,51.1
47.42,64.05,1,0.76,40.72
299.03,75.35,5,1.81,69.57
183.24,70.93,4,1.48,55.57
158.96,85.54,9,1.38,38.16
240.96,66.28,4,1.1,62.44
229.91,68.67,2,1.31,64.78
75.75,80.68,6,0.27,27.05
235.88,97.32,9,1.84,46.89
314.64,75.76,3,2.36,78.24
71.84,81.61,4,0.35,30.04
179.91,58.85,2,1.01,59.87
267.59,82.83,6,1.71,60.46
118.57,67.16,5,0.61,41.33
269.31,86.72,8,1.29,53.32
163.46,64.84,2,1.62,59.37
208.44,57.95,2,1.05,64.19
32.59,66.31,5,0.17,27.6
19.12,92.09,10,0.22,8.53
173.79,67.32,4,0.93,52.19
140.79,78.95,4,0.51,41.04
192.23,64.86,2,1.09,59.83
251.18,76.36,6,0.93,55.76
223.72,83.64,4,0.97,53.12
23.99,88.64,8,0.11,13.06
280.36,74.28,3,2.18,73.15
31.01,56.83,2,0.0,34.74
47.96,73.26,5,0.33,28.12
170.1,99.76,8,0.7,31.92
55.16,60.22,3,0.06,35.4
155.62,71.37,4,0.52,45.78
241.54,63.2,1,1.31,69.94
81.63,79.77,6,0.0,26.46
63.39,70.39,5,0.44,31.86
188.74,85.06,8,1.32,43.53
252.93,74.93,3,1.74,66.56
281.69,63.63,3,1.46,72.66
224.93,78.45,4,1.2,56.58
280.78,94.36,8,1.67,54.45
122.34,77.52,3,1.18,44.99
50.45,69.3,3,0.64,35.14
187.96,63.24,3,1.2,58.87
95.51,76.25,6,1.01,35.86
213.76,80.3,4,1.36,55.45
122.33,99.25,8,0.9,27.08
39.89,65.33,4,0.0,29.52
46.02,61.22,1,0.06,37.18
283.25,75.8,4,1.77,68.75
252.56,103.23,10,1.26,41.66
124.08,74.0,3,0.47,42.05
69.38,73.1,3,0.75,36.94
94.65,70.4,3,0.67,40.73
315.14,83.97,6,2.31,70.04
290.28,65.19,4,2.06,75.31
167.56,86.62,8,1.1,38.82
299.35,67.33,4,1.4,71.6
40.71,64.16,2,0.62,37.25
312.64,84.21,5,2.05,69.66
75.48,99.05,10,0.44,14.8
45.3,75.46,4,0.0,26.58
310.95,76.02,3,2.02,75.54
307.91,61.95,2,2.06,82.12
66.99,75.54,5,0.48,30.73
205.02,80.14,4,1.56,55.61
110.0,88.27,8,0.12,24.54
19.02,60.53,3,0.0,30.17
154.18,71.83,2,1.24,53.26
40.28,68.58,5,0.37,29.04
154.68,103.96,9,0.5,25.47
104.76,62.34,3,0.1,41.4
269.6,68.81,3,1.55,69.77
209.13,62.11,2,1.31,64.41
279.45,85.96,7,1.11,55.47
129.42,70.29,4,0.3,41.36
23.91,92.79,9,0.07,9.64
300.09,75.36,3,2.48,77.22
248.18,63.3,2,0.95,66.86
205.6,76.44,5,0.75,50.29
70.05,87.33,8,0.73,23.45
258.33,62.92,2,2.09,75.45
307.52,62.24,3,1.58,77.3
143.81,67.25,2,0.92,51.55
77.39,69.23,6,1.09,36.51
149.41,80.11,4,0.71,43.01
60.46,96.38,7,0.82,21.16
252.39,67.46,3,2.11,71.49
17.49,71.91,3,0.0,25.87
32.97,79.64,4,0.45,26.27
300.54,105.4,9,2.08,54.11
251.64,60.45,3,1.56,70.48
317.29,73.21,3,2.48,80.26
34.05,70.14,2,0.18,31.48
207.06,84.85,6,1.93,53.16
112.1,78.1,5,0.68,36.98
253.73,81.82,8,2.23,58.92
18.08,61.1,3,0.61,33.66
316.52,62.94,2,2.11,83.21
251.06,81.21,5,0.98,55.97
207.82,95.11,9,0.88,38.0
152.53,78.53,3,0.77,46.03
204.07,63.97,3,1.53,62.78
88.45,77.64,3,0.59,36.81
169.15,74.71,6,1.61,49.83
309.44,75.75,4,1.76,72.14
186.45,86.16,8,1.16,41.84
83.93,73.59,3,0.13,34.8
220.55,70.68,1,0.85,61.61
224.54,71.85,5,1.03,56.18
149.29,96.31,8,0.42,28.68
234.57,59.77,3,0.93,64.55
154.56,73.18,3,0.7,47.78
299.57,66.93,3,1.92,76.69
201.84,83.71,6,1.84,52.32
124.66,65.97,5,0.31,40.68
271.12,85.22,7,1.48,56.96
292.13,79.16,4,1.28,65.64
260.78,63.46,1,1.72,74.93
173.64,79.91,5,1.2,47.66
122.18,102.97,8,1.28,28.1
172.83,78.85,3,0.84,49.01
35.37,68.04,3,0.24,31.11
159.97,72.35,3,1.55,54.1
133.57,73.46,6,1.34,43.93
130.56,70.12,4,0.75,44.38
278.63,100.88,8,1.39,50.07
152.58,77.7,3,1.22,49.15
94.43,60.91,1,0.89,48.83
54.99,81.97,5,0.1,24.47
302.19,97.41,9,1.78,55.19
218.15,61.03,2,1.68,68.29
114.79,78.16,3,1.09,43.21
213.85,71.03,2,0.84,58.88
285.32,84.75,7,2.09,62.8
87.59,69.83,4,0.21,35.47
191.43,96.41,8,1.09,38.36
207.21,76.39,4,0.65,51.56
210.17,68.86,2,1.85,65.49
77.95,81.87,5,0.33,28.95
30.42,104.35,8,0.0,7.56
283.15,61.83,3,1.47,73.56
147.13,74.85,3,0.39,44.27
277.66,68.59,1,1.45,73.61
108.52,68.62,5,1.14,42.8
163.12,64.19,4,0.83,51.29
270.18,86.39,7,2.33,61.72
311.97,61.86,2,1.96,82.06
26.84,70.19,2,0.29,31.2
309.46,72.15,5,2.49,76.34
65.23,89.67,9,0.0,15.75
243.4,70.22,4,2.12,67.72
236.77,78.89,3,1.5,61.52
182.61,70.81,3,1.67,58.38
172.58,86.99,7,1.47,43.32
53.29,69.78,4,0.0,29.67
243.12,93.44,8,2.01,51.97
59.31,65.57,4,0.91,37.67
38.85,56.16,2,0.0,36.01
216.51,77.58,5,1.35,55.06
194.77,101.66,10,0.89,32.33
41.73,74.38,3,0.57,31.73
67.36,65.83,3,0.45,37.42
51.78,73.98,2,0.0,31.3
244.32,69.93,6,1.16,58.61
133.35,70.92,4,1.48,49.02
70.44,95.09,8,0.43,18.83
164.67,79.71,3,0.82,47.51
106.47,74.02,2,0.18,39.59
147.4,67.31,5,0.67,45.44
90.56,89.98,9,0.43,21.65
80.9,61.53,3,0.57,41.5
234.41,70.73,4,2.11,66.29
267.34,61.36,2,1.85,75.69
37.07,81.3,6,0.63,24.0
44.77,82.83,5,0.0,22.19
102.04,87.56,7,0.86,30.05
308.9,75.41,4,1.8,72.45
116.78,61.9,3,0.7,46.89
283.21,85.8,5,2.38,67.29
249.07,95.96,10,1.75,46.88
102.7,73.66,2,0.94,43.97
289.48,75.63,3,1.48,69.48
114.58,69.93,2,0.34,43.12
212.19,71.05,6,1.4,55.49
103.42,80.05,4,0.14,33.43
22.9,82.09,8,0.21,15.9
97.1,70.69,3,0.69,41.08
104.14,59.05,3,0.82,47.0
219.4,69.5,5,1.41,58.72
108.95,89.39,9,0.52,24.84
229.53,73.67,3,1.48,62.32
84.36,78.7,4,0.06,30.92
316.93,59.33,1,1.73,83.85
52.47,73.95,6,0.97,30.79
137.48,65.38,4,0.62,46.18
265.43,91.04,8,2.26,57.32
273.03,65.86,3,1.82,72.97
121.0,59.28,2,0.48,48.67
105.58,80.07,6,1.13,36.56
282.62,90.14,8,1.54,55.4
24.29,77.34,4,0.0,23.15
258.58,81.09,3,2.26,68.34
226.71,71.2,2,1.39,63.94
101.1,85.69,6,0.51,30.08
159.37,68.54,5,0.59,46.06
193.84,82.16,8,1.37,45.56
219.67,73.6,2,1.33,61.78
72.14,57.73,3,0.83,43.34
139.25,72.17,4,0.52,43.35
278.96,103.0,9,1.12,46.0
127.98,65.96,3,0.61,46.33
51.77,76.54,4,0.21,28.35
138.95,71.52,3,0.23,43.39
302.63,68.38,7,2.52,73.65
255.11,71.74,4,1.12,62.46
81.69,99.3,9,0.14,15.32
263.07,78.26,3,1.05,62.38
149.11,69.13,2,1.51,55.25
110.82,77.34,5,0.45,35.65
17.7,88.69,9,0.25,11.42
306.27,74.65,3,1.92,74.79
164.27,65.98,2,1.58,58.82
237.41,70.87,1,1.2,65.95
282.09,74.27,5,1.13,63.48
97.22,68.88,5,0.11,34.78
147.46,96.02,8,0.86,31.3
61.71,68.05,3,0.0,33.07
176.96,62.99,3,0.57,53.58
40.88,77.04,5,0.1,24.39
298.68,98.08,8,1.8,56.28
51.96,65.92,4,0.65,34.95
21.06,73.21,3,0.47,28.81
184.27,68.08,3,1.79,60.33
274.35,83.53,7,2.12,61.99
209.29,78.64,5,1.02,51.67
266.21,82.36,8,1.57,56.24
56.07,68.87,3,0.0,32.03
34.09,72.44,1,0.43,33.88
177.72,72.65,6,1.7,52.26
140.36,90.9,9,1.1,32.04
120.86,64.58,3,0.74,46.71
200.3,67.48,3,1.04,57.96
149.34,70.26,3,1.14,50.9
119.67,78.37,6,0.4,34.46
279.18,77.06,4,1.85,68.26
252.37,91.53,7,1.98,55.35
114.12,77.6,2,1.29,46.24
220.02,72.24,2,1.53,63.57
298.64,77.01,4,1.75,70.21
286.41,92.97,8,2.38,60.13
189.99,62.2,3,1.37,60.57
120.08,65.5,3,0.91,47.33
183.39,68.72,2,1.75,61.4
25.43,74.76,7,0.0,19.22
150.88,68.68,4,1.39,51.57
281.79,83.73,9,1.38,54.93
75.65,70.78,3,0.0,33.91
185.82,66.47,2,1.38,60.22
295.43,74.17,5,1.91,70.14
249.4,93.39,9,1.22,46.21
134.32,64.88,3,1.27,51.68
318.82,72.64,3,2.33,79.72
117.68,67.48,3,1.16,47.87
147.52,78.37,6,1.42,44.49
18.57,78.72,3,0.65,27.63
233.57,92.21,9,1.17,44.24
125.78,61.49,3,0.22,45.21
140.9,66.64,3,0.95,49.91
208.17,84.71,5,1.2,50.46
152.76,93.75,9,0.59,29.45
244.44,73.83,2,1.87,68.32
148.67,70.69,3,0.31,45.47
261.99,69.11,2,1.14,67.76
145.17,81.56,6,0.65,38.22
205.46,72.45,4,0.91,54.37
213.25,82.55,8,1.26,47.28
35.62,74.42,3,0.67,31.54
199.12,66.91,2,1.68,63.68
93.87,84.79,4,0.13,30.41
126.82,87.5,9,0.8,29.61
54.03,67.65,3,0.32,34.2
99.06,73.57,3,0.08,36.48
145.19,76.56,2,1.08,49.38
318.26,71.62,6,1.59,70.39
60.29,71.12,3,0.05,32.09
294.98,88.84,8,1.63,58.05
231.52,72.77,3,1.18,61.03
113.75,73.59,2,1.09,46.38
69.19,73.06,5,0.26,30.54
259.23,88.76,10,2.09,52.93
297.79,74.94,2,2.51,78.93
34.9,73.36,2,0.05,29.62
143.69,74.46,3,0.27,43.21
194.37,82.17,6,0.79,45.33
193.14,73.59,4,0.88,52.16
201.33,89.31,8,1.29,43.47
15.14,64.48,3,0.05,28.55
241.08,65.85,2,1.1,65.94
53.36,71.39,5,0.0,27.44
272.2,103.3,9,1.08,44.75
94.04,66.34,3,0.41,40.49
74.9,72.03,3,1.08,40.12
46.16,75.55,1,0.0,31.66
158.12,73.95,6,1.0,44.85
276.59,83.42,4,1.51,63.51
286.47,84.92,8,2.1,61.29
61.01,79.29,2,0.0,30.6
276.2,69.71,1,1.88,75.71
111.54,80.88,6,0.68,34.24
197.72,89.11,9,1.4,42.09
95.17,76.43,4,0.02,32.9
158.14,75.65,4,1.59,51.26
15.41,76.55,2,0.41,28.16
111.45,76.59,6,0.69,35.83
273.72,70.54,4,2.31,72.77
99.8,89.64,8,0.53,25.27
247.14,64.81,4,1.9,68.78
296.21,74.05,2,1.89,75.17
27.78,66.58,5,0.0,25.81
145.74,90.4,10,0.5,27.51
90.44,62.53,3,0.25,40.39
212.07,76.79,2,0.97,57.39
285.01,74.97,2,1.71,72.24
309.73,73.02,6,2.03,71.52
256.98,82.15,3,1.17,60.93
77.5,82.29,8,0.0,21.68
125.37,61.1,2,1.01,51.9
126.46,61.52,2,1.17,52.9
32.06,82.24,4,0.0,22.4
57.16,86.9,8,0.0,17.35
115.38,78.06,3,1.04,43.01
265.34,79.37,2,1.59,67.32
160.63,66.43,2,0.41,50.86
30.41,79.15,6,0.0,19.96
114.1,79.73,4,1.33,42.39
129.1,84.32,9,0.72,30.56
238.36,61.11,3,1.54,68.38
298.83,68.27,3,2.26,78.24
160.59,66.52,5,0.54,46.64
221.88,96.06,9,1.01,40.32
83.05,63.25,4,0.93,41.74
266.97,64.44,4,1.9,71.52
170.27,76.66,2,1.18,53.26
183.43,73.29,6,0.74,46.78
201.3,82.26,4,1.36,53.11
102.1,99.5,8,1.26,26.59
74.44,63.09,3,0.87,41.96
170.36,71.1,3,1.71,56.92
135.91,77.33,5,1.17,43.45
294.52,101.33,9,1.38,50.27
149.09,73.39,2,0.6,48.03
121.58,63.11,3,1.38,51.33
220.52,63.44,2,1.85,68.8
276.25,82.57,6,1.96,63.25
63.3,75.77,5,0.45,29.98
222.99,84.25,9,1.28,46.4
28.03,74.81,3,0.0,26.21
200.63,74.28,1,1.44,61.39
298.16,82.11,6,1.7,64.67
248.05,87.7,8,1.54,51.74
55.61,63.72,4,0.94,38.03
66.58,79.45,2,0.0,31.27
305.14,77.09,2,2.34,78.06
50.98,81.75,6,0.55,25.17
223.39,78.28,5,1.3,55.4
227.73,97.27,9,0.84,39.59
149.92,76.54,3,0.71,46.03
37.66,74.6,2,0.76,33.97
195.05,80.27,4,1.79,55.69
261.61,94.23,8,1.99,53.98
124.56,70.92,3,1.34,48.66
137.36,81.91,3,0.28,39.76
62.9,58.19,3,0.81,41.84
272.47,87.4,6,1.76,59.76
89.4,80.27,5,0.9,34.59
166.05,86.84,8,0.78,36.54
162.14,66.72,2,1.51,57.83
180.42,59.98,2,0.8,58.22
100.11,80.63,4,0.14,32.79
230.18,89.68,8,1.66,49.43
102.21,67.12,3,0.33,40.78
162.07,76.69,2,0.52,48.05
266.04,71.6,2,2.09,73.34
312.95,74.39,6,1.72,69.51
104.99,80.4,5,0.37,33.28
64.1,91.92,8,0.37,18.77
158.48,68.96,4,0.53,47.09
298.28,74.07,2,2.12,76.87
296.4,68.3,4,2.36,76.86
158.1,102.08,9,1.34,31.84
47.57,76.81,3,0.15,29.0
137.85,71.53,3,1.46,50.93
225.56,58.37,2,1.68,70.22
138.48,79.97,6,0.43,36.54
100.61,67.83,4,0.49,39.65
295.73,93.53,9,2.19,58.3
54.72,77.8,4,0.0,26.97
239.82,69.31,2,1.21,65.22
167.88,73.45,5,1.61,51.79
135.29,88.83,8,1.33,35.22
252.65,60.03,3,0.98,67.14
215.08,74.88,3,1.7,61.36
203.23,59.99,2,1.13,63.27
25.34,78.37,6,0.34,21.7
317.54,79.12,4,2.1,74.12
103.07,91.43,9,0.69,24.39
55.71,67.66,3,0.41,34.98
69.9,71.76,2,0.2,35.72
19.44,73.91,5,0.08,22.58
255.84,103.74,10,1.73,44.85
154.28,62.1,3,0.33,49.42
118.85,72.36,2,0.18,41.81
192.91,70.64,2,0.87,56.46
104.33,72.32,7,1.12,37.46
215.39,66.0,4,0.86,57.68
302.08,99.83,9,1.8,54.43
41.75,60.27,2,0.0,34.92
258.88,62.23,2,1.58,72.58
23.12,79.49,4,0.0,22.22
292.14,99.62,9,1.46,51.07
262.05,72.28,2,1.79,70.69
108.49,73.83,3,0.59,40.81
262.88,64.46,2,2.27,76.62
198.96,70.34,6,1.56,55.01
118.86,73.0,4,0.71,41.56
167.28,95.15,9,1.57,36.98
92.42,70.38,3,0.84,41.51
125.23,61.01,2,0.78,50.48
173.1,81.65,6,0.85,43.1
213.35,100.36,9,1.0,37.59
223.2,68.15,3,1.3,62.35
267.75,74.67,2,2.25,73.46
62.82,75.92,2,0.67,36.23
220.53,83.36,6,1.72,54.15
227.06,75.95,4,1.9,62.13
92.08,92.94,8,0.77,24.57
23.87,64.69,3,0.03,29.5
305.94,66.82,2,1.34,75.61
258.71,79.11,4,0.97,59.34
125.17,91.68,9,0.69,27.2
195.56,72.41,3,0.59,52.75
270.44,70.4,3,1.67,70.06
145.05,66.41,2,0.44,49.01
51.2,75.3,6,0.77,28.89
87.87,76.96,4,0.69,35.94
197.67,84.48,7,1.21,45.89
282.63,73.37,3,2.0,72.65
143.0,60.97,1,0.45,52.43
179.24,84.01,5,0.65,43.48
313.64,96.23,10,2.6,60.57
158.22,61.6,2,0.85,55.04
124.64,72.3,3,1.36,48.3
177.9,68.5,2,1.5,59.2
19.85,82.48,7,0.75,20.4
85.4,64.74,3,0.86,42.74
44.87,82.39,9,0.54,19.07
229.09,75.41,4,1.68,61.22
102.05,58.48,3,0.76,46.56
94.4,85.39,6,0.56,29.62
291.39,100.81,9,1.82,52.8
138.19,72.65,2,0.37,45.43
137.0,74.95,3,1.29,48.53
279.74,70.19,2,1.34,70.96
230.58,86.01,6,1.8,55.02
64.09,74.55,4,0.32,31.37
92.37,88.53,8,0.45,24.2
74.28,78.72,3,0.76,35.63
105.53,68.04,2,0.75,45.18
222.32,68.26,5,1.88,62.49
316.8,99.36,8,1.73,57.76
255.41,66.17,3,1.01,65.48
245.68,67.35,3,1.45,66.53
201.9,66.44,2,0.87,59.15
169.53,80.51,5,1.33,47.71
302.29,78.07,4,1.88,71.12
243.2,100.7,7,1.26,46.34
107.15,64.17,3,0.72,44.93
312.3,64.59,2,1.62,79.0
243.57,81.26,5,1.59,58.79
269.03,96.66,9,2.14,53.35
167.87,61.74,3,0.47,52.21
92.61,68.71,3,1.15,44.07
228.88,58.91,1,0.93,67.45
308.41,82.21,7,2.33,68.25
83.9,83.51,4,0.67,32.94
142.66,87.39,7,0.72,34.56
290.0,61.06,3,1.65,75.86
142.4,56.61,2,0.38,51.82
72.94,85.12,5,0.07,25.5
63.2,92.29,10,0.0,12.87
172.59,73.14,3,0.55,49.23
311.2,75.07,4,1.47,70.81
266.6,68.1,2,1.17,68.92
46.21,69.91,7,0.0,23.7
50.21,82.46,4,0.35,26.89
212.46,91.82,8,0.97,42.03
225.09,70.21,2,1.01,61.71
271.57,70.63,1,2.0,75.52
263.75,82.61,4,1.49,61.99
310.42,103.18,9,2.43,58.25
255.98,59.19,4,0.97,66.15
179.35,63.0,3,1.3,58.45
70.58,76.91,2,0.4,35.21
66.17,75.86,6,0.51,29.03
263.28,74.49,4,2.07,68.48
30.92,83.06,8,0.75,19.98
310.5,76.75,3,2.52,78.34
112.59,65.58,2,0.76,47.05
136.75,84.55,4,0.29,37.12
99.39,89.69,8,0.79,26.83
83.37,66.22,3,0.73,41.13
133.75,76.3,4,0.78,42.76
300.69,71.09,3,2.33,77.9
207.99,87.7,6,1.54,49.82
315.46,64.17,4,1.41,74.92
155.24,88.58,9,0.46,30.83
103.88,67.49,3,0.84,44.05
177.71,64.01,2,0.95,57.35
42.25,84.28,4,0.09,23.57
39.01,98.51,8,0.29,12.6
191.42,60.18,2,1.72,65.34
233.25,78.05,3,1.78,63.11
239.37,58.89,2,0.87,66.79
215.96,84.14,6,1.63,52.71
56.63,74.21,5,0.46,29.73
270.55,85.53,7,1.05,54.08
83.04,76.22,3,0.71,37.36
89.12,61.85,2,1.07,47.25
228.83,80.65,6,1.14,52.59
154.45,99.66,8,0.59,29.21
201.59,61.3,3,0.77,58.67
291.84,80.01,3,2.2,72.72
82.81,58.49,3,1.01,45.59
303.56,70.42,6,2.53,74.77
142.26,82.54,3,0.44,41.17
269.33,81.24,8,1.85,58.8
107.35,66.52,4,1.26,45.82
179.19,61.55,2,1.33,60.81
212.59,72.0,5,0.7,52.49
104.66,101.43,9,0.88,22.19
167.24,64.53,3,1.19,55.62
28.79,79.17,4,0.61,26.89
132.8,77.34,1,1.21,49.95
191.94,76.02,6,1.42,51.17
245.17,74.31,4,1.22,60.85
318.22,98.01,8,2.13,60.93
20.98,64.95,3,0.5,31.96
243.32,75.01,3,1.68,64.9
186.69,77.71,4,1.05,50.89
196.37,102.57,9,1.03,34.75
115.56,68.5,3,0.77,44.79
271.02,78.18,3,1.29,64.96
180.02,67.0,2,0.93,56.45
183.93,73.38,5,1.32,52.11
296.37,70.51,4,1.78,72.44
212.77,87.24,8,0.82,42.78
69.33,77.05,4,1.03,35.6
86.63,70.1,2,1.18,44.64
101.37,79.3,6,0.75,33.91
124.59,86.96,9,1.07,31.2
222.19,69.91,4,1.42,60.67
205.58,76.3,3,1.76,59.98
307.26,67.99,1,2.26,82.78
94.81,83.54,6,1.04,33.34
65.35,72.43,3,0.0,31.97
188.27,91.19,8,0.67,37.2
48.08,61.6,4,0.0,31.93
207.71,61.06,2,1.57,66.23
63.27,69.63,5,0.8,34.37
211.63,100.91,9,0.7,35.29
283.23,71.83,3,2.15,74.22
68.41,65.94,4,0.36,35.29
23.17,65.73,2,0.0,30.51
21.15,76.86,6,0.32,21.57
309.35,78.33,3,2.3,76.25
27.55,85.62,8,0.0,13.93
72.09,70.69,3,0.31,35.42
277.54,56.86,3,1.43,74.36
215.01,85.11,5,0.8,48.71
290.02,99.43,9,1.38,50.36
136.02,70.7,4,1.23,47.89
292.9,64.52,3,1.27,72.62
93.62,69.02,3,0.38,39.28
93.73,82.99,7,0.12,25.98
202.36,65.89,4,1.85,62.2
135.21,91.27,8,1.12,33.02
222.86,74.98,3,1.1,58.6
278.02,64.64,3,1.37,71.25
309.84,66.05,5,2.23,76.96
102.43,93.87,9,0.24,20.62
155.62,62.18,3,0.41,50.07
214.34,63.56,3,1.63,64.9
169.56,69.2,2,1.69,59.04
196.15,85.42,7,1.26,45.67
286.33,67.63,4,1.72,71.78
316.32,94.24,7,1.91,62.33
215.13,60.35,2,1.36,66.14
290.19,58.27,2,2.24,82.24
82.75,70.08,5,0.99,37.95
249.52,95.93,9,1.69,48.24
278.08,62.06,3,1.82,75.0
256.65,76.26,3,1.8,66.95
196.75,73.83,2,0.61,54.19
106.71,79.2,6,0.03,30.15
147.69,79.17,3,0.86,45.72
215.96,92.05,8,1.66,46.72
161.18,79.46,3,0.57,45.58
93.34,70.2,2,0.4,40.61
139.87,81.18,5,1.13,42.33
256.08,97.86,9,2.07,50.79
206.28,59.49,3,1.64,65.37
63.1,74.43,2,0.49,35.68
141.74,68.35,1,0.89,52.36
17.6,81.44,6,0.66,21.58
289.71,71.56,4,2.01,72.63
170.23,91.64,8,1.01,36.8
200.02,60.35,3,0.62,57.87
208.87,59.79,3,0.73,59.92
66.2,74.65,5,0.54,31.32
22.55,103.11,10,0.0,3.64
157.38,76.75,3,1.53,52.06
155.83,68.84,2,0.93,52.62
311.29,75.17,2,2.09,77.99
18.94,85.41,6,0.0,16.2
173.52,68.35,4,1.47,55.16
124.81,91.05,8,0.83,29.92
124.51,72.72,3,0.99,45.82
250.41,66.17,2,1.35,68.62
117.05,71.64,4,0.69,41.68
39.32,98.56,10,0.08,7.98
160.06,65.06,2,1.08,55.47
88.09,64.26,3,1.18,45.27
46.7,68.01,1,0.69,38.76
184.43,79.1,6,0.59,43.88
128.66,76.16,4,0.32,39.27
135.5,84.19,8,0.42,31.23
21.07,64.79,3,0.23,30.35
281.38,69.26,2,2.36,77.88
41.52,74.87,4,0.0,26.3
65.52,91.61,9,0.41,17.65
297.12,63.36,3,1.46,74.78
34.33,72.31,3,0.0,27.94
166.35,59.9,2,0.84,56.65
96.09,69.89,6,0.56,35.42
67.93,83.64,4,0.9,32.23
27.55,100.19,8,0.0,8.68
304.54,71.9,4,2.45,77.2
47.64,73.85,2,0.4,33.3
220.36,70.94,6,0.9,53.48
84.61,93.5,9,0.87,22.35
177.41,70.52,3,0.53,50.68
99.38,65.84,2,0.34,42.6
100.23,65.21,2,0.3,42.69
276.92,77.32,5,1.36,63.14
262.05,66.54,4,1.54,67.86
124.08,92.93,8,0.48,26.96
187.76,60.31,3,1.64,62.65
243.23,69.21,2,0.89,63.7
90.1,84.7,4,0.14,30.01
136.95,86.62,9,0.82,31.38
292.46,78.59,3,2.48,75.06
279.37,81.5,2,2.38,73.34
49.33,70.22,1,0.36,36.25
146.64,69.05,6,0.6,42.61
211.42,72.43,5,1.9,59.68
203.94,96.3,8,1.88,44.98
165.4,78.5,4,1.1,48.12
227.47,72.17,2,1.51,64.45
112.13,72.05,5,1.2,42.41
266.73,93.28,9,2.04,53.64
85.73,64.8,3,0.14,38.27
87.21,62.66,4,0.78,41.56
30.52,65.64,3,0.55,33.28
112.88,87.79,6,0.94,33.55
185.8,79.89,3,1.21,52.66
233.17,97.03,9,1.71,45.83
166.69,61.01,3,1.21,56.94
111.43,63.31,1,0.12,45.38
163.53,68.09,5,1.01,49.4
189.72,88.09,9,0.56,36.16
67.16,72.08,3,0.7,36.71
276.14,66.31,3,1.5,71.21
113.34,68.7,2,0.29,43.09
114.43,79.35,7,1.35,37.69
96.95,64.48,5,0.4,38.15
144.12,86.07,8,0.39,31.5
269.33,77.45,3,1.37,65.5
140.28,72.71,2,0.69,47.68
311.76,69.11,4,2.38,78.71
285.33,96.69,10,2.24,54.44
292.04,72.81,3,1.58,71.46
82.31,72.66,3,0.74,38.74
204.33,65.2,2,1.82,65.85
227.89,69.97,6,1.39,57.88
88.39,77.37,4,0.53,34.86
268.39,97.27,8,1.34,49.72
284.83,74.89,3,1.83,71.33
110.44,57.82,1,0.12,47.23
286.41,74.81,6,2.05,67.94
273.53,93.83,9,2.06,54.46
304.46,76.5,3,1.77,72.95
305.66,79.08,3,1.6,71.12
314.43,70.4,3,2.56,81.39
73.25,70.5,6,0.21,30.01
191.32,77.71,4,0.97,51.0
193.71,90.64,9,1.03,38.7
183.56,71.15,2,1.0,55.86
204.16,74.81,2,1.8,62.25
195.81,73.7,6,1.05,50.2
17.31,99.94,8,0.23,8.86
169.06,68.57,3,1.0,53.22
180.73,75.63,3,0.74,50.59
157.47,60.95,2,0.83,55.05
309.07,73.74,6,1.49,67.8
35.97,79.87,5,0.52,25.35
92.48,84.2,8,0.74,27.58
166.31,75.65,3,1.46,53.19
156.69,65.81,2,1.47,57.19
217.27,78.9,4,1.63,58.1
49.77,88.86,9,0.63,17.95
273.41,65.75,3,2.06,74.56
49.38,68.9,4,0.36,31.73
271.09,74.85,3,1.06,64.73
56.08,70.66,6,0.98,32.51
151.03,73.53,4,1.19,48.59
138.89,98.17,8,0.28,25.77
116.44,61.64,3,0.85,47.87
57.59,67.44,2,0.03,34.6
153.74,69.22,4,1.53,52.62
92.68,88.07,9,0.01,19.99
165.58,62.47,4,1.35,55.48
107.05,69.76,3,1.05,44.97
58.62,73.39,2,0.23,33.84
232.16,76.04,6,2.05,60.38
19.71,80.26,5,0.26,21.45
79.01,91.69,8,0.77,23.31
111.12,62.75,4,0.15,40.73
186.78,66.72,2,0.54,55.0
151.54,81.67,5,1.37,45.18
16.96,104.01,9,0.35,6.44
207.97,68.37,2,1.76,64.82
103.44,62.24,4,0.75,43.66
16.57,58.29,2,0.0,32.32
59.65,82.24,7,0.15,21.96
200.72,81.06,4,1.9,56.84
313.17,94.6,8,1.89,59.99
53.57,68.41,4,0.03,30.39
143.39,63.27,2,1.24,54.93
55.09,77.47,5,0.0,25.47
182.41,96.4,9,0.79,33.64
191.82,74.51,3,0.68,52.07
23.13,78.2,2,0.74,30.64
35.31,66.65,2,0.18,32.9
296.52,74.17,7,2.07,67.95
169.25,83.93,4,0.56,43.3
230.16,95.04,8,1.29,45.19
265.94,63.95,3,2.01,73.91
212.74,72.93,3,0.94,57.01
202.02,79.37,5,1.59,54.01
206.88,103.24,9,0.91,35.14
74.9,67.56,3,0.89,40.54
25.92,62.55,3,0.0,30.35
32.5,70.75,1,0.0,31.6
131.09,69.15,6,0.58,40.4
218.53,76.67,4,0.88,54.38
124.65,84.79,8,1.36,35.47
54.82,60.31,3,0.18,36.08
85.02,63.75,1,1.16,48.26
183.74,69.17,5,1.3,53.47
198.35,93.11,9,1.62,42.11
216.53,64.96,2,1.23,63.85
290.12,77.41,4,2.28,72.26
203.0,59.89,3,1.02,60.93
95.34,72.74,7,0.5,32.25
309.7,83.73,3,2.37,74.78
38.08,91.28,8,0.83,18.46
75.59,63.51,4,0.72,39.36
117.9,75.56,3,1.3,45.86
318.86,78.01,5,2.38,74.78
76.03,100.36,8,0.41,17.55
112.84,68.4,2,1.03,47.76
97.25,77.32,4,0.99,38.92
137.55,65.59,2,0.33,47.64
231.96,79.62,6,1.26,54.12
163.69,73.55,4,0.76,47.56
148.83,89.9,8,1.27,36.24
56.71,75.54,3,0.44,32.47
118.51,56.89,2,0.91,51.89
200.66,79.63,5,1.47,52.99
85.01,87.56,9,0.04,19.35
192.3,60.71,3,1.52,62.35
156.25,80.59,3,0.77,45.77
36.36,62.65,2,0.16,34.35
75.36,82.64,6,0.74,29.23
131.48,75.33,4,0.67,42.13
30.38,92.27,9,0.0,10.24
299.97,75.48,3,1.25,69.48
253.7,70.06,2,2.05,72.02
60.18,70.18,5,0.11,29.45
17.6,93.96,9,0.48,10.95
290.6,73.76,3,2.33,75.62
154.87,79.72,3,1.48,50.34
155.37,66.02,3,1.36,54.59
266.9,78.25,6,2.11,64.51
152.88,67.04,4,1.32,51.98
38.94,93.26,7,0.14,15.21
253.1,63.14,4,1.35,66.73
53.77,59.38,2,0.66,40.94
188.5,79.93,5,1.08,48.85
253.55,100.62,8,2.14,51.56
242.39,59.47,3,1.93,71.93
46.9,68.61,2,0.5,35.71
129.34,73.95,2,1.39,50.17
167.5,86.0,6,1.02,41.87
156.57,82.65,5,1.07,43.62
159.97,99.98,8,0.44,28.89
60.54,69.8,3,0.78,37.16
23.95,68.26,1,0.57,34.93
286.51,75.18,5,2.31,71.11
143.88,104.45,8,0.43,25.1
119.87,69.39,3,1.22,47.84
15.04,78.64,3,0.28,24.88
181.44,60.4,2,1.25,61.02
100.29,83.18,6,1.15,34.87
57.92,71.44,4,0.61,33.5
45.77,83.26,8,0.0,17.17
185.85,63.04,4,1.7,60.12
117.13,61.58,1,1.1,52.88
75.56,76.09,5,0.26,30.28
58.74,86.73,10,0.8,19.29
234.03,67.59,4,1.52,63.68
121.19,79.57,3,0.78,41.6
182.93,58.39,2,0.52,57.37
306.01,79.26,6,1.89,67.91
242.55,67.53,5,1.66,64.03
37.25,81.73,7,0.0,18.27
273.33,79.34,3,2.33,71.34
18.05,57.08,2,0.0,32.95
187.05,82.43,5,1.44,50.01
174.28,95.98,9,1.66,38.16
159.84,78.74,4,1.61,50.5
